voltage,current
-2.000105143,-5.8070704E-4
-1.995111942,-5.7692841E-4
-1.990116715,-5.7105657E-4
-1.985120773,-5.6511641E-4
-1.980125427,-5.5929754E-4
-1.975131392,-5.5355005E-4
-1.970135093,-5.4784354E-4
-1.965128541,-5.4227218E-4
-1.960122108,-5.3674001E-4
-1.955117702,-5.3136382E-4
-1.950109839,-5.2609157E-4
-1.945104957,-5.2080262E-4
-1.940098882,-5.1554333E-4
-1.935090899,-5.1042397E-4
-1.930087805,-5.0507504E-4
-1.925080538,-4.9948618E-4
-1.920073628,-4.9501497E-4
-1.915067077,-4.8984136E-4
-1.910061717,-4.8483182E-4
-1.90505445,-4.8038546E-4
-1.900048494,-4.7589567E-4
-1.895051003,-4.7103044E-4
-1.890043974,-4.6655133E-4
-1.885033607,-4.6266597E-4
-1.880029082,-4.5781065E-4
-1.875022769,-4.5341983E-4
-1.870017171,-4.4954684E-4
-1.865010381,-4.4504285E-4
-1.860005021,-4.4098422E-4
-1.85499835,-4.3697778E-4
-1.849992275,-4.3313883E-4
-1.844984412,-4.2937163E-4
-1.839977026,-4.255959E-4
-1.834970474,-4.2179462E-4
-1.829965234,-4.1809943E-4
-1.824975491,-4.1453816E-4
-1.819980383,-4.1098062E-4
-1.814985752,-4.0740553E-4
-1.809989333,-4.0389292E-4
-1.804996848,-4.0050138E-4
-1.800002217,-3.974551E-4
-1.79500699,-3.9374869E-4
-1.790013433,-3.9048839E-4
-1.785054088,-3.8720366E-4
-1.780060291,-3.8396422E-4
-1.775063276,-3.8079299E-4
-1.770070314,-3.7767973E-4
-1.765073776,-3.744984E-4
-1.76007998,-3.7140433E-4
-1.75509429,-3.6837984E-4
-1.750099301,-3.6540914E-4
-1.745105267,-3.6240984E-4
-1.740108132,-3.5944767E-4
-1.735114694,-3.5646576E-4
-1.730120778,-3.5359625E-4
-1.725125194,-3.508427E-4
-1.720133543,-3.480101E-4
-1.715139389,-3.4517415E-4
-1.710145473,-3.4242179E-4
-1.705150008,-3.3970971E-4
-1.700154424,-3.3702906E-4
-1.695159197,-3.3425376E-4
-1.690164566,-3.315939E-4
-1.685165524,-3.2900255E-4
-1.680160642,-3.2640819E-4
-1.675155759,-3.2385342E-4
-1.670150399,-3.2129925E-4
-1.665143251,-3.1878609E-4
-1.660138249,-3.1630013E-4
-1.655132771,-3.1386841E-4
-1.650128603,-3.1142794E-4
-1.645124555,-3.0900229E-4
-1.640120149,-3.0659717E-4
-1.635113597,-3.0424308E-4
-1.63010788,-3.0194294E-4
-1.625102282,-2.9962311E-4
-1.620096087,-2.9729726E-4
-1.615098715,-2.9503286E-4
-1.610094905,-2.9282806E-4
-1.605089664,-2.9059926E-4
-1.600082397,-2.8836574E-4
-1.595077395,-2.8617676E-4
-1.590070844,-2.8403807E-4
-1.585065722,-2.8190354E-4
-1.580061197,-2.7977344E-4
-1.575056791,-2.776593E-4
-1.570051551,-2.7558735E-4
-1.565045595,-2.7353346E-4
-1.560041189,-2.7147757E-4
-1.555034041,-2.6944708E-4
-1.550026059,-2.6745226E-4
-1.545028448,-2.6546137E-4
-1.540036678,-2.6349204E-4
-1.535040498,-2.6155753E-4
-1.53004694,-2.5962956E-4
-1.52508688,-2.5771338E-4
-1.520090699,-2.5580505E-4
-1.51509428,-2.539454E-4
-1.510100484,-2.5209995E-4
-1.505108476,-2.502312E-4
-1.500112534,-2.4839135E-4
-1.495116353,-2.4659218E-4
-1.490122557,-2.4481278E-4
-1.485127807,-2.430211E-4
-1.480130911,-2.4123717E-4
-1.475142121,-2.3949061E-4
-1.470148683,-2.377679E-4
-1.465154886,-2.3604447E-4
-1.460159302,-2.3433747E-4
-1.455164909,-2.3265202E-4
-1.450169563,-2.3097528E-4
-1.445176363,-2.2930516E-4
-1.440178752,-2.2765866E-4
-1.435186148,-2.2603899E-4
-1.430190444,-2.2440623E-4
-1.42519486,-2.2278599E-4
-1.420199752,-2.211972E-4
-1.415204883,-2.1964107E-4
-1.410210729,-2.1806385E-4
-1.405213714,-2.1648947E-4
-1.400208592,-2.1494796E-4
-1.395202756,-2.1342751E-4
-1.390197754,-2.1190286E-4
-1.385190606,-2.1038612E-4
-1.380184412,-2.0889372E-4
-1.375178337,-2.0741835E-4
-1.370172262,-2.0593408E-4
-1.365166903,-2.0447196E-4
-1.360161066,-2.0302339E-4
-1.355153918,-2.0158058E-4
-1.350147486,-2.001504E-4
-1.345140576,-1.9873349E-4
-1.34013629,-1.9734452E-4
-1.335128546,-1.9595029E-4
-1.330131054,-1.9455668E-4
-1.325123072,-1.9318361E-4
-1.320117116,-1.9183215E-4
-1.315111518,-1.9048961E-4
-1.310103893,-1.8913224E-4
-1.305097938,-1.878028E-4
-1.300092459,-1.8650057E-4
-1.295087337,-1.8519685E-4
-1.290080428,-1.8388782E-4
-1.285072207,-1.8259373E-4
-1.280068398,-1.8132323E-4
-1.275060058,-1.8006308E-4
-1.270090342,-1.7880378E-4
-1.265082836,-1.7754545E-4
-1.260089517,-1.7632676E-4
-1.255094767,-1.751004E-4
-1.250098944,-1.7387092E-4
-1.24510181,-1.7265823E-4
-1.240106821,-1.7146578E-4
-1.235110283,-1.7027441E-4
-1.230115414,-1.6907958E-4
-1.225121617,-1.6790399E-4
-1.220126033,-1.6675552E-4
-1.215129495,-1.6559305E-4
-1.210132241,-1.6442966E-4
-1.205137491,-1.6329115E-4
-1.200142622,-1.6217144E-4
-1.195144057,-1.6104149E-4
-1.19015789,-1.5991926E-4
-1.185162067,-1.5881395E-4
-1.180167794,-1.5772402E-4
-1.175169587,-1.5662894E-4
-1.170174122,-1.5554275E-4
-1.16517818,-1.5446928E-4
-1.160181761,-1.5340493E-4
-1.155188322,-1.5234274E-4
-1.150192142,-1.5129468E-4
-1.145196795,-1.5025468E-4
-1.140200019,-1.4921169E-4
-1.135202289,-1.4816827E-4
-1.1302073,-1.4714105E-4
-1.125211358,-1.4615226E-4
-1.120210648,-1.451303E-4
-1.115204215,-1.441136E-4
-1.110196471,-1.4311929E-4
-1.105189085,-1.4215194E-4
-1.100179553,-1.4115902E-4
-1.095173359,-1.4017077E-4
-1.09016645,-1.3920067E-4
-1.08516109,-1.3825668E-4
-1.080153227,-1.3729062E-4
-1.075146914,-1.3633694E-4
-1.070138931,-1.3540545E-4
-1.065132141,-1.3446932E-4
-1.060123444,-1.3353402E-4
-1.055116653,-1.326062E-4
-1.050117135,-1.3169297E-4
-1.045110822,-1.3078666E-4
-1.040103793,-1.2987481E-4
-1.035096645,-1.28975E-4
-1.030088186,-1.2809071E-4
-1.025080085,-1.2720329E-4
-1.020071387,-1.2632039E-4
-1.015066862,-1.2544563E-4
-1.010093689,-1.2459635E-4
-1.005086064,-1.2372323E-4
-1.000079393,-1.2286121E-4
-0.99507153,-1.2201476E-4
-0.990065157,-1.2116917E-4
-0.985054851,-1.2032339E-4
-0.980055928,-1.1949287E-4
-0.975061297,-1.1867005E-4
-0.970065951,-1.1785181E-4
-0.96506995,-1.1702877E-4
-0.960074306,-1.162226E-4
-0.955078781,-1.154153E-4
-0.950081766,-1.1462182E-4
-0.945085764,-1.138168E-4
-0.940091193,-1.1302527E-4
-0.935096383,-1.122485E-4
-0.930098057,-1.1147117E-4
-0.925103962,-1.1069445E-4
-0.920107305,-1.099173E-4
-0.915110707,-1.0916053E-4
-0.910119116,-1.0840639E-4
-0.905124485,-1.0764547E-4
-0.900129974,-1.0689455E-4
-0.895134151,-1.0615679E-4
-0.890136719,-1.0541553E-4
-0.885141015,-1.0467967E-4
-0.880146146,-1.039461E-4
-0.875147879,-1.0321993E-4
-0.870153129,-1.0249904E-4
-0.865157306,-1.0178179E-4
-0.860161602,-1.0106985E-4
-0.85516423,-1.0036223E-4
-0.850189567,-9.965274E-5
-0.845193565,-9.895237E-5
-0.840195894,-9.825961E-5
-0.835190654,-9.757361E-5
-0.830184579,-9.687839E-5
-0.825178146,-9.619888E-5
-0.820170999,-9.552094E-5
-0.815163374,-9.484878E-5
-0.810157478,-9.417523E-5
-0.805150688,-9.350798E-5
-0.800146937,-9.284883E-5
-0.795137823,-9.219679E-5
-0.790132046,-9.153293E-5
-0.785123706,-9.088224E-5
-0.780116737,-9.024003E-5
-0.775110662,-8.960223E-5
-0.770104527,-8.896437E-5
-0.765105367,-8.832802E-5
-0.760096431,-8.76991E-5
-0.75508976,-8.707665E-5
-0.75011766,-8.645705E-5
-0.745111585,-8.583118E-5
-0.740104616,-8.522511E-5
-0.735096693,-8.461326E-5
-0.730091631,-8.400028E-5
-0.725085437,-8.340105E-5
-0.720077276,-8.280583E-5
-0.715070486,-8.220573E-5
-0.710063756,-8.160498E-5
-0.705057561,-8.101465E-5
-0.700048745,-8.043778E-5
-0.695056796,-7.98591E-5
-0.690060198,-7.927442E-5
-0.685063064,-7.869767E-5
-0.680066824,-7.813212E-5
-0.675071537,-7.756691E-5
-0.670075834,-7.699437E-5
-0.665078282,-7.643049E-5
-0.660085917,-7.588323E-5
-0.655088425,-7.532762E-5
-0.650092483,-7.476997E-5
-0.645093322,-7.421852E-5
-0.640098095,-7.36796E-5
-0.635100663,-7.313891E-5
-0.630103409,-7.259014E-5
-0.625115514,-7.205842E-5
-0.62011975,-7.153203E-5
-0.615123868,-7.099956E-5
-0.610125959,-7.046941E-5
-0.605130434,-6.994702E-5
-0.600134492,-6.94306E-5
-0.595137954,-6.890608E-5
-0.590141952,-6.838749E-5
-0.585146129,-6.787791E-5
-0.580152035,-6.737537E-5
-0.57515353,-6.686335E-5
-0.570156515,-6.635708E-5
-0.56515944,-6.585953E-5
-0.5601632,-6.536065E-5
-0.555162907,-6.486595E-5
-0.550156057,-6.436659E-5
-0.545150161,-6.387541E-5
-0.540141225,-6.339666E-5
-0.535133779,-6.291043E-5
-0.530127823,-6.243196E-5
-0.525121033,-6.193183E-5
-0.520114899,-6.147712E-5
-0.515108526,-6.098796E-5
-0.510102928,-6.051019E-5
-0.50509572,-6.004503E-5
-0.500088811,-5.957878E-5
-0.495115459,-5.913649E-5
-0.490107834,-5.864279E-5
-0.485108972,-5.81834E-5
-0.480103254,-5.772246E-5
-0.475096315,-5.726181E-5
-0.470088452,-5.680736E-5
-0.465083152,-5.636071E-5
-0.460075557,-5.591191E-5
-0.455065876,-5.546228E-5
-0.450060934,-5.50069E-5
-0.445053548,-5.457964E-5
-0.44004789,-5.413823E-5
-0.435039282,-5.369403E-5
-0.430032104,-5.325574E-5
-0.425025254,-5.282475E-5
-0.420017391,-5.239088E-5
-0.415017992,-5.196452E-5
-0.410022765,-5.153888E-5
-0.405027092,-5.111437E-5
-0.400029629,-5.068694E-5
-0.395034373,-5.025825E-5
-0.390038192,-4.984421E-5
-0.385041535,-4.942184E-5
-0.380043745,-4.90139E-5
-0.375048846,-4.859283E-5
-0.370053113,-4.817497E-5
-0.36505577,-4.777604E-5
-0.36005947,-4.735876E-5
-0.3550632,-4.695388E-5
-0.35006693,-4.654983E-5
-0.345075995,-4.614339E-5
-0.34008041,-4.573989E-5
-0.335085899,-4.533436E-5
-0.330089152,-4.493558E-5
-0.325092614,-4.454804E-5
-0.320094705,-4.414574E-5
-0.315098763,-4.374984E-5
-0.310101479,-4.335942E-5
-0.305106461,-4.296931E-5
-0.300110847,-4.257886E-5
-0.295113444,-4.218903E-5
-0.290115476,-4.180179E-5
-0.285120785,-4.142009E-5
-0.280123323,-4.103334E-5
-0.27512604,-4.06516E-5
-0.270119518,-4.026882E-5
-0.265114009,-3.988963E-5
-0.260108173,-3.950629E-5
-0.255100578,-3.912671E-5
-0.250093907,-3.875126E-5
-0.245088145,-3.837401E-5
-0.240079999,-3.799546E-5
-0.235110715,-3.762535E-5
-0.230101302,-3.725305E-5
-0.225095347,-3.687941E-5
-0.220088363,-3.650486E-5
-0.215083182,-3.613421E-5
-0.210067689,-3.57648E-5
-0.205071762,-3.53955E-5
-0.20007737,-3.502256E-5
-0.195081994,-3.46534E-5
-0.190078586,-3.428407E-5
-0.185075983,-3.391474E-5
-0.180068582,-3.354219E-5
-0.175074175,-3.317003E-5
-0.170083404,-3.280007E-5
-0.165088549,-3.242721E-5
-0.160082415,-3.205062E-5
-0.155076995,-3.167203E-5
-0.150078177,-3.129549E-5
-0.145084053,-3.091366E-5
-0.140088812,-3.052764E-5
-0.135089099,-3.013456E-5
-0.130087554,-2.973834E-5
-0.125080839,-2.933331E-5
-0.120082006,-2.892263E-5
-0.115086824,-2.850099E-5
-0.110094488,-2.807075E-5
-0.105087474,-2.762161E-5
-0.100081414,-2.71555E-5
-0.095078431,-2.667227E-5
-0.090082385,-2.616711E-5
-0.08508686,-2.563015E-5
-0.080088884,-2.50591E-5
-0.075085722,-2.445015E-5
-0.070079297,-2.379422E-5
-0.065077282,-2.308115E-5
-0.060080759,-2.229978E-5
-0.055089716,-2.14424E-5
-0.050087191,-2.04922E-5
-0.045080367,-1.942922E-5
-0.040074464,-1.823384E-5
-0.035077471,-1.688568E-5
-0.030081606,-1.535519E-5
-0.025084646,-1.360794E-5
-0.020082906,-1.160526E-5
-0.015095023,-9.30442E-6
-0.010085187,-6.64856E-6
-0.005080278,-3.58606E-6
-8.0871E-5,-4.234E-8
0.005061801,4.15761E-6
0.010068445,8.90342E-6
0.015052816,1.437376E-5
0.02006156,2.069625E-5
0.025068941,2.797419E-5
0.030065279,3.632066E-5
0.035063449,4.588121E-5
0.040059552,5.678879E-5
0.045068368,6.923636E-5
0.050077561,8.334608E-5
0.055082414,9.927202E-5
0.060061246,1.1713981E-4
0.065054417,1.3712794E-4
0.070055023,1.5946206E-4
0.075059004,1.8426003E-4
0.080065899,2.1168603E-4
0.085067101,2.4171844E-4
0.090059519,2.7434258E-4
0.095057793,3.0985307E-4
0.100059234,3.4850448E-4
0.105066858,3.9007969E-4
0.110074915,4.3464009E-4
0.115069918,4.8162743E-4
0.120066725,5.3159747E-4
0.125061691,5.8473494E-4
0.130069524,6.4028136E-4
0.135077044,6.9845594E-4
0.140077576,7.5889543E-4
0.145075619,8.219073E-4
0.15006794,8.872968E-4
0.155069783,9.550444E-4
0.160074949,0.00102482252
0.165035322,0.00109465621
0.170034304,0.00116863757
0.175026521,0.00124464795
0.180021465,0.00132241949
0.185022369,0.00140203834
0.190028995,0.00148370162
0.195035934,0.00156684667
0.200028405,0.00165204555
0.205023915,0.00173926994
0.210017711,0.00182822317
0.214995295,0.00191838637
0.220002085,0.00201103494
0.225009277,0.00210566774
0.230015844,0.00220226839
0.23502253,0.00230084702
0.240029037,0.00240052924
0.245036706,0.00250149071
0.250044256,0.00260558188
0.255051076,0.00271261811
0.260057032,0.00282272607
0.265063614,0.00293409437
0.267571002,0.00299417645
0.267483383,0.00299414337
0.267331749,0.00299414426
0.267224133,0.00299412102
0.267160594,0.0029940924
0.26713261,0.00299408257
0.267172575,0.0029940787
0.267184079,0.00299408942
0.267117679,0.00299402952
0.267058611,0.00299407154
0.267100662,0.00299405694
0.267143667,0.00299409449
0.267091125,0.0029940629
0.267038524,0.00299407065
0.267062277,0.0029940775
0.267100275,0.00299409926
0.267059386,0.00299410284
0.26703614,0.00299410224
0.267034858,0.00299412042
0.267113507,0.00299408883
0.267023593,0.00299410433
0.267018467,0.00299411952
0.26703617,0.00299411207
0.267024636,0.00299410045
0.267067611,0.00299411386
0.266921669,0.00299409091
0.266944498,0.00299409747
0.266955733,0.00299411744
0.26692009,0.00299411744
0.266919553,0.00299412608
0.266890854,0.00299414217
0.26690051,0.00299412102
0.266922414,0.00299416244
0.266953409,0.00299416006
0.266917586,0.0029941681
0.266903281,0.00299415946
0.266945451,0.00299415946
0.266957462,0.00299415737
0.266921133,0.00299413055
0.266887277,0.00299415141
0.266911179,0.0029941538
0.266949803,0.00299418241
0.266920835,0.00299417943
0.266907334,0.00299417436
0.266902894,0.00299416929
0.266934752,0.00299415082
0.266931504,0.00299418867
0.266917825,0.00299416512